id_hotel,nombre_hotel,direccion_hotel
1,"Clements, Petty and Logan Hotel","52240 Amy Ridges
Christineport, GA 31161"
2,Hurst PLC Hotel,"429 Tracy Court Suite 669
New Elizabethhaven, AL 26296"
3,Thomas-Jones Hotel,"7415 Jeffrey Mews Suite 575
Morrisberg, VA 26853"
4,"Kelley, Smith and Winters Hotel","8632 Nicholas Ford
Jenniferchester, NY 90285"
5,"Johnson, Sawyer and Baker Hotel","57081 Foster Mountain
Bairdside, WI 06482"
6,Taylor-Mata Hotel,"Unit 3676 Box 2883
DPO AE 57701"
7,Holland-Morrison Hotel,"7815 Compton Estate
South Chelsealand, PW 57622"
8,"Bailey, Walters and Greene Hotel","124 Russell Ridges
Karenside, AS 41395"
9,Garcia-Giles Hotel,"00109 Stephanie Street
Houstonhaven, NV 56339"
10,Sherman PLC Hotel,"8517 Roy Squares
West Elizabethchester, PR 54637"
11,Shaw LLC Hotel,"75596 Wood Squares Suite 240
Mooreside, KY 20213"
12,"Moore, Austin and Morgan Hotel","35833 Jeffrey Court
Mortonside, OR 36471"
13,Harris Inc Hotel,"984 Christina Street Apt. 632
Heidiberg, VI 99881"
14,"Lee, Reed and Vang Hotel","6061 Wilkerson Field
East Cory, WV 29330"
15,Stewart-Rosales Hotel,"26104 Mckinney Ranch Apt. 332
Evansborough, NJ 17143"
16,Turner Inc Hotel,"336 Albert Knoll
Port Calvin, NV 45289"
17,Shelton-Henderson Hotel,"12361 Reeves Gateway Apt. 542
Davisville, NY 37626"
18,"Perez, Bowers and Hill Hotel","201 Gordon Mountains Apt. 682
North Haleyview, AL 33807"
19,Watson and Sons Hotel,"16552 Perez Lakes
South Katherinestad, ND 14012"
20,Baldwin-Gibson Hotel,"10897 Davis Hollow
East Matthewhaven, LA 42909"
21,"Kennedy, Ramirez and Shaffer Hotel","834 Lawson Circles Apt. 595
Morsechester, OR 32572"
22,Villegas Ltd Hotel,"254 Mary Track
West Kellyburgh, WY 79669"
23,"Mason, Copeland and Garcia Hotel","187 Tanya Roads Apt. 492
West Sharon, TX 43962"
24,Jones Ltd Hotel,"3504 Mitchell River
Jefferyburgh, MH 75163"
25,Carter-King Hotel,"56694 Coleman Lights Apt. 332
Robertview, WA 82335"
26,Allen-Smith Hotel,"26293 Love Plaza
New Alexander, WY 96423"
27,Rodgers and Sons Hotel,"479 Foster Stravenue
Kevinburgh, TN 91416"
28,Harrison-Rivera Hotel,"09639 Hughes Hills Suite 544
Port Paul, MT 79648"
29,Mueller and Sons Hotel,"94709 Andrew Field Suite 093
Watkinshaven, RI 44912"
30,Olson-Reeves Hotel,"089 Gordon Meadow
Lake Kayla, HI 49658"
31,"Cobb, Pratt and Drake Hotel","92903 Michael Extension Suite 504
East Steven, DE 87834"
32,Johnson-Stewart Hotel,"2922 Lucas Valley
South Paul, WY 39982"
33,George Ltd Hotel,"074 Willis Vista
Simpsonhaven, WV 43407"
34,Landry and Sons Hotel,"24327 Huynh Forges
Charlesside, UT 68170"
35,Schmidt-Carroll Hotel,"550 Fry Unions Apt. 513
Stephenport, OR 60108"
36,Colon-Garcia Hotel,"4384 Leblanc Bypass Apt. 440
Port Meaganland, AL 44422"
37,Barrett-Miller Hotel,"47011 Nicole Ramp Suite 864
Lake Jon, SD 67719"
38,"Turner, Cameron and Small Hotel","USS Day
FPO AA 76047"
39,"Jordan, Mercado and Gibson Hotel","0004 Catherine Summit
Dianastad, GA 41058"
40,Valenzuela-Anderson Hotel,"91483 Rosario Square
North Jenniferside, AK 82119"
41,Lara-Mills Hotel,"1817 Kim Lodge
Medinaside, TX 99494"
42,"Morgan, Lynn and Smith Hotel","5234 Kristin Ville Suite 408
Lisaland, SC 42588"
43,Atkins-Fry Hotel,"361 Mcknight Meadows
Barajasshire, FM 62818"
44,Moore Inc Hotel,"593 Joshua Wall Suite 004
Jillbury, SD 21319"
45,Sullivan LLC Hotel,"46290 William Mission
Port Rachelland, MP 08545"
46,"Williams, Crosby and White Hotel","4919 Haley Place Suite 356
West Edwin, MA 76859"
47,Rodriguez PLC Hotel,"392 Robert Falls Apt. 237
North Brittany, PW 06997"
48,Williams-Mueller Hotel,"810 Olson Stream Suite 581
Smithview, AK 06101"
49,"Ayers, Abbott and Hughes Hotel","929 Amanda Lane
Hendricksfurt, DC 41390"
50,Johnson and Sons Hotel,"309 Michele Track Apt. 276
Kristopherfort, NY 37654"
51,Willis-Banks Hotel,"PSC 0975, Box 5221
APO AE 96043"
52,Cooper-Cantrell Hotel,"37094 Turner Row
South Jamiefort, MD 69117"
53,Paul-Butler Hotel,"19662 Curry Cliff Suite 316
Lake Michaelshire, HI 60804"
54,Huang-Decker Hotel,"3780 Woodard Extension
Carlyburgh, IN 98316"
55,"Arnold, Ponce and Jackson Hotel","22461 Hubbard Camp
Fosterstad, CT 97105"
56,Foster Group Hotel,"686 Lawson Course Apt. 659
New Tracy, FM 25934"
57,Booth-Barajas Hotel,"3940 Joseph Road Apt. 875
South Nancytown, VA 18082"
58,Price-Robinson Hotel,"0285 Darrell Harbor
North Josephview, KS 51133"
59,Hall Ltd Hotel,"USCGC Cline
FPO AP 61292"
60,Collins-Johns Hotel,"51369 Larsen Manors
East Davidport, SD 34422"
61,"Rogers, Holder and Pineda Hotel","USNS Martin
FPO AP 28259"
62,Cordova-Brown Hotel,"9407 Alan Plaza
Fishershire, MH 78898"
63,Sanchez-Estes Hotel,"098 Shannon Burgs Suite 905
Sethborough, DC 62055"
64,Sullivan-Nichols Hotel,"307 Warner Harbors Apt. 574
West Nathanview, NM 68412"
65,Porter Group Hotel,"USCGC Rodgers
FPO AA 03371"
66,Jones Group Hotel,"290 Michael Lane Apt. 332
Michaelchester, OK 35414"
67,"Brown, Cummings and Vasquez Hotel","19532 Jones Trafficway Apt. 352
Lauraport, TN 19920"
68,"Spears, Baker and Delacruz Hotel","65172 Lori Expressway Suite 203
Port Brianfort, RI 90712"
69,Elliott-Hill Hotel,"692 Nguyen Villages
East Ginabury, AK 21652"
70,Woods LLC Hotel,"85078 Justin Turnpike
Lake Traciton, WY 65842"
71,Johnson Inc Hotel,"0796 Nathan Viaduct
South Judyfurt, DC 50520"
72,"Hull, Ramos and Smith Hotel","2526 Erika Tunnel Apt. 686
Carterhaven, LA 11828"
73,"Cannon, Austin and Diaz Hotel","77138 Bonnie Ford Suite 222
North Melissa, CO 82683"
74,Hayden-Casey Hotel,"5674 Trevino View Apt. 815
Brianview, CT 63519"
75,Massey LLC Hotel,"4107 Richardson Falls
North Joshualand, VI 81842"
76,Petty Ltd Hotel,"54763 Jessica Unions
Port Yolandafurt, AS 22445"
77,Cook-Brown Hotel,"9702 Horn Ports Apt. 102
Sandersstad, MP 97220"
78,"Adams, Wang and Matthews Hotel","532 Lisa Mountains
Port Joanneberg, ME 91605"
79,Banks-Harrell Hotel,"57751 Taylor Haven
West Nicholastown, PW 97943"
80,"Baxter, Davis and Mendoza Hotel","4835 Walton Forges
South Leslie, IA 67004"
81,Craig and Sons Hotel,"7153 Eric Circle
Dianehaven, ND 74267"
82,Martin-Smith Hotel,"976 William Burg Suite 885
Harrisbury, MH 16538"
83,Mack-Alexander Hotel,"835 Wilkins Viaduct Suite 529
Michaelton, PR 18863"
84,"Adams, Michael and Keller Hotel","758 Spencer Club
New Toddhaven, KS 95349"
85,Perry Ltd Hotel,"553 Hamilton Squares Suite 703
Robinchester, NE 98507"
86,Lin-Jacobson Hotel,"190 Arellano Bridge
West Rachelshire, RI 85394"
87,"Michael, Weaver and Smith Hotel","408 Simon Heights
Port Brian, NY 08495"
88,"Miller, Wise and Neal Hotel","64194 Phillip Island Apt. 196
West Kelly, DE 45413"
89,"Woods, Sanchez and Bishop Hotel","496 Patricia Stream
Joshuaview, OR 61930"
90,"Nixon, Montgomery and Hernandez Hotel","41065 Huang Ports Apt. 132
North Alyssaland, SD 88285"
91,Taylor LLC Hotel,"PSC 4343, Box 0430
APO AE 96155"
92,Allen Inc Hotel,"8784 Rasmussen Skyway
Carriemouth, AZ 37736"
93,"Dean, Johnson and Murphy Hotel","3590 Ryan Spring
Lake Tammy, OH 45432"
94,Hudson-Williams Hotel,"770 Hines Lock
Sheilaton, CO 21754"
95,Crawford-Morrison Hotel,"524 Andrea Via Suite 679
Matthewhaven, IA 98885"
96,Livingston-Peterson Hotel,"USS Perez
FPO AP 94827"
97,Ford-Hernandez Hotel,"56555 William Prairie Apt. 910
Kathrynport, MA 37107"
98,"Erickson, Simon and Bass Hotel","2833 Hebert Overpass
Chadberg, CO 88214"
99,"Ochoa, Porter and Bryan Hotel","35693 Jeffrey Creek
Pamelachester, NH 09584"
100,Gonzalez Ltd Hotel,"2571 Kimberly Mountain
Dominiquemouth, NH 76486"
